<application>
  <component name="DiffManager">
    <mergeToolParameters value="%1 %2 %3 %4" />
  </component>
  <component name="ExternalDiffSettings">
    <option name="DIFF_ENABLED" value="false" />
    <option name="DIFF_DEFAULT" value="false" />
    <option name="DIFF_EXE_PATH" value="" />
    <option name="DIFF_PARAMETERS" value="%1 %2 %3" />
    <option name="MERGE_ENABLED" value="false" />
    <option name="MERGE_EXE_PATH" value="" />
    <option name="MERGE_PARAMETERS" value="%1 %2 %3 %4" />
  </component>
</application>