<application>
  <component name="UpdatesConfigurable">
    <option name="CHECK_NEEDED" value="false" />
    <ignoredBuildNumbers>
      <item value="extras;intel;Hardware_Accelerated_Execution_Manager#7.2.0" />
      <item value="tools#26.1.1" />
      <item value="emulator#27.3.10" />
      <item value="extras;google;instantapps#1.5.0" />
      <item value="extras;intel;Hardware_Accelerated_Execution_Manager#7.3.0" />
      <item value="platform-tools#28.0.1" />
      <item value="system-images;android-27;google_apis;x86#7" />
      <item value="emulator#30.0.12" />
      <item value="extras;google;instantapps#1.9.0" />
      <item value="extras;intel;Hardware_Accelerated_Execution_Manager#7.5.1" />
      <item value="ndk-bundle#21.3.6528147" />
      <item value="platform-tools#30.0.2" />
      <item value="202.7660.26.42.6907010" />
      <item value="202.7660.26.42.7033425" />
      <item value="203.7717.56.2031.7784292" />
      <item value="emulator#30.9.5" />
      <item value="extras;intel;Hardware_Accelerated_Execution_Manager#7.6.5" />
      <item value="platform-tools#31.0.3" />
      <item value="system-images;android-28;google_apis;x86#12" />
      <item value="emulator#31.2.9" />
      <item value="platform-tools#33.0.1" />
    </ignoredBuildNumbers>
    <option name="LAST_BUILD_CHECKED" value="AI-211.7628.21.2111.8193401" />
    <option name="LAST_TIME_CHECKED" value="1649238836232" />
    <option name="THIRD_PARTY_PLUGINS_ALLOWED" value="true" />
  </component>
</application>