<application>
  <component name="com.intellij.ide.ui.customization.CustomActionsSchema">
    <group value="Android.MainToolBarActionGroup" is_group="true" action_type="-1" position="10">
      <path value="root" />
      <path value="Main Toolbar" />
      <option name="myInitialPosition" value="-1" />
    </group>
    <group value="CWMShowPopupActionGroup" is_group="true" action_type="-1" position="3">
      <path value="root" />
      <path value="Main Toolbar" />
      <path value="CodeWithMeToolbarGroup" />
      <option name="myInitialPosition" value="-1" />
    </group>
    <group value="ShowProjectStructureSettings" is_action="true" action_type="1" position="10">
      <path value="root" />
      <path value="Main Toolbar" />
      <option name="myInitialPosition" value="-1" />
    </group>
    <group seperator="true" action_type="1" position="11">
      <path value="root" />
      <path value="Main Toolbar" />
      <option name="myInitialPosition" value="-1" />
    </group>
  </component>
</application>