<application>
  <component name="FeatureSuggesterSettings">
    <option name="workingDays">
      <list>
        <option value="1649387397249" />
        <option value="1649670138545" />
        <option value="1652079418116" />
        <option value="1652150160477" />
        <option value="1652236293449" />
        <option value="1652322972240" />
        <option value="1652409821164" />
        <option value="1652770532812" />
        <option value="1652840541450" />
        <option value="1652943414000" />
        <option value="1653013608093" />
        <option value="1653374915514" />
        <option value="1653448667796" />
        <option value="1653533417246" />
        <option value="1653621385233" />
      </list>
    </option>
  </component>
</application>