<application>
  <component name="FileTypeManager" version="18">
    <extensionMap>
      <mapping pattern="shape_vertex" type="AUTO_DETECTED" />
      <mapping pattern="meg_facerect" type="AUTO_DETECTED" />
      <mapping pattern="livenessmodel" type="AUTO_DETECTED" />
      <mapping pattern="meg_facelandmark" type="AUTO_DETECTED" />
      <mapping pattern="shape_fragment" type="AUTO_DETECTED" />
      <mapping pattern="megviifacepp_model" type="AUTO_DETECTED" />
      <mapping pattern="meg_action" type="AUTO_DETECTED" />
      <mapping pattern="ModularizationNative" type="JAVA" />
      <mapping ext="gradle.kts" type="Kotlin" />
      <mapping ext="main.kts" type="Kotlin" />
      <mapping pattern="manifest" type="Manifest" />
      <mapping pattern="226842022574112507" type="PLAIN_TEXT" />
      <mapping pattern="xposed_init" type="PLAIN_TEXT" />
      <mapping pattern="manifest2" type="PLAIN_TEXT" />
      <mapping pattern="ld" type="PLAIN_TEXT" />
      <mapping pattern="FlutterApplication.java" type="PLAIN_TEXT" />
      <mapping pattern="zcy" type="PLAIN_TEXT" />
      <mapping pattern="Manifest" type="PLAIN_TEXT" />
      <mapping ext="nma" type="PLAIN_TEXT" />
      <mapping ext="gold" type="PLAIN_TEXT" />
      <mapping ext="md" type="PLAIN_TEXT" />
      <mapping ext="bin" type="PLAIN_TEXT" />
      <mapping ext="db" type="PLAIN_TEXT" />
      <removed_mapping ext="apk" approved="true" type="ARCHIVE" />
      <removed_mapping ext="ignore" approved="true" type="IgnoreLang file" />
      <removed_mapping ext="psd" approved="true" type="Image" />
      <mapping pattern=".gitignore_global" type="Git file" />
    </extensionMap>
  </component>
</application>