<application>
  <component name="GitRememberedInputs">
    <option name="visitedUrls">
      <list>
        <UrlAndUserName>
          <option name="url" value="https://github.com/darryrzhong/Android-MvvmComponent-App.git" />
          <option name="userName" value="" />
        </UrlAndUserName>
        <UrlAndUserName>
          <option name="url" value="http://git-pd.megvii-inc.com" />
          <option name="userName" value="zuochengyao@megvii.com" />
        </UrlAndUserName>
      </list>
    </option>
    <option name="cloneParentDir" value="$USER_HOME$/Documents/Cheero/Code/Android" />
  </component>
</application>