<toolSet name="External Tools">
  <tool name="javah" description="javah" showInMainMenu="false" showInEditor="false" showInProject="false" showInSearchPopup="false" disabled="false" useConsole="true" showConsoleOnStdOut="false" showConsoleOnStdErr="false" synchronizeAfterRun="true">
    <exec>
      <option name="COMMAND" value="$JDKPath$/bin/javah" />
      <option name="PARAMETERS" value="-classpath $ContentRoot$/src/main/java -jni -d $ContentRoot$/src/main/jni $FileClass$" />
      <option name="WORKING_DIRECTORY" value="$ContentRoot$/src/main/java" />
    </exec>
  </tool>
  <tool name="vscode" description="open file by vscode" showInMainMenu="false" showInEditor="false" showInProject="false" showInSearchPopup="false" disabled="false" useConsole="true" showConsoleOnStdOut="false" showConsoleOnStdErr="false" synchronizeAfterRun="true">
    <exec>
      <option name="COMMAND" value="/Applications/Visual Studio Code.app" />
      <option name="PARAMETERS" value="$FilePath$" />
      <option name="WORKING_DIRECTORY" value="/Applications" />
    </exec>
  </tool>
</toolSet>